{"cameraMode":{"drawMode":0,"name":"Shaded","section":"Shading Mode"},"sceneLighting":false,"audioPlay":false,"sceneViewState":{"m_AlwaysRefresh":false,"showFog":true,"showSkybox":true,"showFlares":true,"showImageEffects":true,"showParticleSystems":true,"showVisualEffectGraphs":true,"m_FxEnabled":true},"in2DMode":false,"pivot":{"x":298.87982177734377,"y":105.84869384765625,"z":1006.7657470703125},"rotation":{"x":-0.06995706260204315,"y":0.8912811875343323,"z":-0.42258772253990176,"w":-0.1466015875339508},"size":9.434553146362305,"orthographic":false}